{
	"Startroom": [
		6.7554791111111
	],
	"Total": [
		11.5888124444446
	]
}
{
	"Startroom": [
		3.83168633333333
	],
	"Total": [
		3.84835299999999
	]
}
{
	"Startroom": [
		3.83168633333333
	],
	"Total": [
		3.84835299999999
	]
}
